{
	"rules": {
		"member-ordering": [true, {"order": "fields-first"}],
		"no-any": {
			"severity": "off",
			"options": true
		},
		"no-empty-interface": true,
		"no-inferrable-types": [true, "ignore-params", "ignore-properties"],
		"no-internal-module": true,
		"no-magic-numbers": true,
		"no-namespace": false,
		"no-non-null-assertion": true,
		"no-parameter-reassignment": true,
		"no-reference": true,
		"no-var-requires": true,
		"only-arrow-functions": true,
		"prefer-for-of": true,
		"typedef": true,
		"typedef-whitespace": [
			true,
			{
				"call-signature": "nospace",
				"index-signature": "nospace",
				"parameter": "nospace",
				"property-declaration": "nospace",
				"variable-declaration": "nospace"
			},
			{
				"call-signature": "onespace",
				"index-signature": "onespace",
				"parameter": "onespace",
				"property-declaration": "onespace",
				"variable-declaration": "onespace"
			}
		],
		"ban-comma-operator": true,
		"curly": true,
		"forin": false,
		"no-conditional-assignment": true,
		"no-construct": true,
		"no-duplicate-super": true,
		"no-duplicate-switch-case": true,
		"no-duplicate-variable": true,
		"no-dynamic-delete": true,
		"no-empty": true,
		"no-eval": true,
		"no-implicit-dependencies": true,
		"no-inferred-empty-object-type": true,
		"no-invalid-template-strings": true,
		"no-invalid-this": true,
		"no-sparse-arrays": true,
		"no-switch-case-fall-through": true,
		"no-this-assignment": true,
		"no-unbound-method": false,
		"no-unsafe-any": {
			"severity": "off",
			"options": true
		},
		"no-use-before-declare": true,
		"no-var-keyword": true,
		"no-void-expression": false,
		"prefer-conditional-expression": true,
		"prefer-object-spread": true,
		"restrict-plus-operands": true,
		"triple-equals": true,
		"use-default-type-parameter": false,
		"use-isnan": true,
		"eofline": true,
		"indent": [true, "tabs", 4],
		"max-classes-per-file": [true, 1],
		"prefer-const": true,
		"prefer-readonly": true,
		"trailing-comma": [true, {"multiline": "never", "singleline": "never"}],
		"array-type": [true, "array"],
		"arrow-parens": [true, "ban-single-arg-parens"],
		"arrow-return-shorthand": true,
		"binary-expression-operand-order": true,
		"class-name": true,
		"comment-format": [true, "check-space"],
		"import-spacing": true,
		"newline-before-return": true,
		"new-parens": true,
		"no-consecutive-blank-lines": true,
		"no-irregular-whitespace": true,
		"no-trailing-whitespace": true,
		"no-unnecessary-callback-wrapper": true,
		"number-literal-format": true,
		"object-literal-key-quotes": [true, "as-needed"],
		"one-line": [true, "check-open-brace", "check-whitespace"],
		"ordered-imports": false,
		"prefer-template": [true, "allow-single-concat"],
		"quotemark": [true, "single", "jsx-double"],
		"semicolon": [true, "always", "ignore-bound-class-methods", "ignore-interfaces"],
		"type-literal-delimiter": true,
		"interface-name": [true, "never-prefix"],
		"object-literal-sort-keys": false,
		"member-access": false
	},
	"linterOptions": {
		"exclude": [
			"./node_modules",
			"./dist"
		]
	}
}
